{
  "name": "imersivespace",
  "version": "1.1.0",
  "private": true,
  "dependencies": {
    "@react-three/drei": "^8.16.0",
    "@react-three/fiber": "^7.0.26",
    "@testing-library/jest-dom": "^5.16.1",
    "@testing-library/react": "^12.1.2",
    "@testing-library/user-event": "^13.5.0",
    "axios": "^0.26.1",
    "react": "^17.0.2",
    "react-dom": "^17.0.2",
    "react-redux": "^7.2.6",
    "react-scripts": "5.0.0",
    "react-three-fiber": "^6.0.13",
    "styled-components": "^5.3.3",
    "three": "^0.138.3",
    "web-vitals": "^2.1.4"
  },
  "scripts": {
    "start": "react-scripts start",
    "build": "react-scripts build",
    "test": "react-scripts test",
    "eject": "react-scripts eject"
  },
  "eslintConfig": {
    "extends": [
      "react-app",
      "react-app/jest"
    ]
  },
  "browserslist": {
    "production": [
      ">0.2%",
      "not dead",
      "not op_mini all"
    ],
    "development": [
      "last 1 chrome version",
      "last 1 firefox version",
      "last 1 safari version"
    ]
  }
}
